"Hex_ID","CWR_Class","CWR_ID","CWR_Name","ID"
745241,1,92.0999985,"Eagle_Creek_Stream",2
745240,1,92.0999985,"Eagle_Creek_Stream",2
742661,1,92.0999985,"Eagle_Creek_Stream",2
742660,1,92.0999985,"Eagle_Creek_Stream",2
740082,1,92.0999985,"Eagle_Creek_Stream",2
740081,1,92.0999985,"Eagle_Creek_Stream",2
737503,1,92.0999985,"Eagle_Creek_Stream",2
737502,1,92.0999985,"Eagle_Creek_Stream",2
203950,1,94.0999985,"Rock_Creek_Stream",3
203949,1,94.0999985,"Rock_Creek_Stream",3
203948,1,94.0999985,"Rock_Creek_Stream",3
201371,1,94.0999985,"Rock_Creek_Stream",3
201370,1,94.0999985,"Rock_Creek_Stream",3
201369,1,94.0999985,"Rock_Creek_Stream",3
198793,1,94.0999985,"Rock_Creek_Stream",3
198792,1,94.0999985,"Rock_Creek_Stream",3
198791,1,94.0999985,"Rock_Creek_Stream",3
196213,1,94.0999985,"Rock_Creek_Stream",3
196212,1,94.0999985,"Rock_Creek_Stream",3
193634,1,94.0999985,"Rock_Creek_Stream",3
193633,1,94.0999985,"Rock_Creek_Stream",3
191056,1,94.0999985,"Rock_Creek_Stream",3
191055,1,94.0999985,"Rock_Creek_Stream",3
188478,1,94.0999985,"Rock_Creek_Stream",3
188477,1,94.0999985,"Rock_Creek_Stream",3
185899,1,94.0999985,"Rock_Creek_Stream",3
183320,1,94.0999985,"Rock_Creek_Stream",3
376781,1,96.0999985,"Herman_Creek_Stream",4
374203,1,96.0999985,"Herman_Creek_Stream",4
374202,1,96.0999985,"Herman_Creek_Stream",4
371624,1,96.0999985,"Herman_Creek_Stream",4
369046,1,96.0999985,"Herman_Creek_Stream",4
366468,1,96.0999985,"Herman_Creek_Stream",4
363890,1,96.0999985,"Herman_Creek_Stream",4
361312,1,96.0999985,"Herman_Creek_Stream",4
361311,1,96.0999985,"Herman_Creek_Stream",4
358734,1,96.0999985,"Herman_Creek_Stream",4
358733,1,96.0999985,"Herman_Creek_Stream",4
356156,1,96.0999985,"Herman_Creek_Stream",4
356155,1,96.0999985,"Herman_Creek_Stream",4
353577,1,96.0999985,"Herman_Creek_Stream",4
350999,1,96.0999985,"Herman_Creek_Stream",4
72790,1,100.0999985,"Wind_River_Stream",5
70213,1,100.0999985,"Wind_River_Stream",5
70212,1,100.0999985,"Wind_River_Stream",5
70211,1,100.0999985,"Wind_River_Stream",5
67635,1,100.0999985,"Wind_River_Stream",5
67634,1,100.0999985,"Wind_River_Stream",5
67633,1,100.0999985,"Wind_River_Stream",5
67632,1,100.0999985,"Wind_River_Stream",5
65057,1,100.0999985,"Wind_River_Stream",5
65056,1,100.0999985,"Wind_River_Stream",5
65055,1,100.0999985,"Wind_River_Stream",5
65054,1,100.0999985,"Wind_River_Stream",5
65053,1,100.0999985,"Wind_River_Stream",5
62480,1,100.0999985,"Wind_River_Stream",5
62479,1,100.0999985,"Wind_River_Stream",5
62478,1,100.0999985,"Wind_River_Stream",5
62477,1,100.0999985,"Wind_River_Stream",5
62476,1,100.0999985,"Wind_River_Stream",5
62475,1,100.0999985,"Wind_River_Stream",5
62474,1,100.0999985,"Wind_River_Stream",5
59903,1,100.0999985,"Wind_River_Stream",5
59902,1,100.0999985,"Wind_River_Stream",5
59901,1,100.0999985,"Wind_River_Stream",5
59900,1,100.0999985,"Wind_River_Stream",5
59899,1,100.0999985,"Wind_River_Stream",5
59898,1,100.0999985,"Wind_River_Stream",5
59897,1,100.0999985,"Wind_River_Stream",5
59896,1,100.0999985,"Wind_River_Stream",5
57325,1,100.0999985,"Wind_River_Stream",5
57324,1,100.0999985,"Wind_River_Stream",5
57323,1,100.0999985,"Wind_River_Stream",5
57322,1,100.0999985,"Wind_River_Stream",5
57321,1,100.0999985,"Wind_River_Stream",5
57320,1,100.0999985,"Wind_River_Stream",5
57319,1,100.0999985,"Wind_River_Stream",5
54747,1,100.0999985,"Wind_River_Stream",5
54746,1,100.0999985,"Wind_River_Stream",5
54745,1,100.0999985,"Wind_River_Stream",5
54744,1,100.0999985,"Wind_River_Stream",5
54743,1,100.0999985,"Wind_River_Stream",5
54742,1,100.0999985,"Wind_River_Stream",5
52170,1,100.0999985,"Wind_River_Stream",5
52169,1,100.0999985,"Wind_River_Stream",5
52168,1,100.0999985,"Wind_River_Stream",5
52167,1,100.0999985,"Wind_River_Stream",5
52166,1,100.0999985,"Wind_River_Stream",5
52165,1,100.0999985,"Wind_River_Stream",5
49592,1,100.0999985,"Wind_River_Stream",5
49591,1,100.0999985,"Wind_River_Stream",5
49590,1,100.0999985,"Wind_River_Stream",5
49589,1,100.0999985,"Wind_River_Stream",5
47014,1,100.0999985,"Wind_River_Stream",5
47013,1,100.0999985,"Wind_River_Stream",5
47012,1,100.0999985,"Wind_River_Stream",5
44437,1,100.0999985,"Wind_River_Stream",5
44436,1,100.0999985,"Wind_River_Stream",5
44435,1,100.0999985,"Wind_River_Stream",5
41858,1,100.0999985,"Wind_River_Stream",5
41857,1,100.0999985,"Wind_River_Stream",5
39280,1,100.0999985,"Wind_River_Stream",5
39279,1,100.0999985,"Wind_River_Stream",5
36701,1,100.0999985,"Wind_River_Stream",5
36700,1,100.0999985,"Wind_River_Stream",5
34123,1,100.0999985,"Wind_River_Stream",5
34122,1,100.0999985,"Wind_River_Stream",5
31544,1,100.0999985,"Wind_River_Stream",5
31543,1,100.0999985,"Wind_River_Stream",5
28966,1,100.0999985,"Wind_River_Stream",5
28965,1,100.0999985,"Wind_River_Stream",5
26387,1,100.0999985,"Wind_River_Stream",5
26386,1,100.0999985,"Wind_River_Stream",5
23808,1,100.0999985,"Wind_River_Stream",5
23807,1,100.0999985,"Wind_River_Stream",5
21229,1,100.0999985,"Wind_River_Stream",5
21228,1,100.0999985,"Wind_River_Stream",5
21227,1,100.0999985,"Wind_River_Stream",5
18650,1,100.0999985,"Wind_River_Stream",5
18649,1,100.0999985,"Wind_River_Stream",5
18648,1,100.0999985,"Wind_River_Stream",5
18647,1,100.0999985,"Wind_River_Stream",5
16070,1,100.0999985,"Wind_River_Stream",5
16069,1,100.0999985,"Wind_River_Stream",5
16068,1,100.0999985,"Wind_River_Stream",5
16067,1,100.0999985,"Wind_River_Stream",5
16066,1,100.0999985,"Wind_River_Stream",5
16065,1,100.0999985,"Wind_River_Stream",5
13491,1,100.0999985,"Wind_River_Stream",5
13490,1,100.0999985,"Wind_River_Stream",5
13489,1,100.0999985,"Wind_River_Stream",5
13488,1,100.0999985,"Wind_River_Stream",5
13487,1,100.0999985,"Wind_River_Stream",5
13486,1,100.0999985,"Wind_River_Stream",5
13485,1,100.0999985,"Wind_River_Stream",5
13482,1,100.0999985,"Wind_River_Stream",5
10911,1,100.0999985,"Wind_River_Stream",5
10910,1,100.0999985,"Wind_River_Stream",5
10909,1,100.0999985,"Wind_River_Stream",5
10908,1,100.0999985,"Wind_River_Stream",5
10907,1,100.0999985,"Wind_River_Stream",5
10906,1,100.0999985,"Wind_River_Stream",5
10905,1,100.0999985,"Wind_River_Stream",5
10904,1,100.0999985,"Wind_River_Stream",5
10903,1,100.0999985,"Wind_River_Stream",5
10902,1,100.0999985,"Wind_River_Stream",5
10901,1,100.0999985,"Wind_River_Stream",5
10900,1,100.0999985,"Wind_River_Stream",5
10899,1,100.0999985,"Wind_River_Stream",5
8329,1,100.0999985,"Wind_River_Stream",5
8328,1,100.0999985,"Wind_River_Stream",5
8321,1,100.0999985,"Wind_River_Stream",5
8320,1,100.0999985,"Wind_River_Stream",5
449707,1,112.0999985,"Little_White_Salmon_River_Stream",6
449706,1,112.0999985,"Little_White_Salmon_River_Stream",6
449705,1,112.0999985,"Little_White_Salmon_River_Stream",6
449704,1,112.0999985,"Little_White_Salmon_River_Stream",6
449703,1,112.0999985,"Little_White_Salmon_River_Stream",6
447130,1,112.0999985,"Little_White_Salmon_River_Stream",6
447129,1,112.0999985,"Little_White_Salmon_River_Stream",6
447128,1,112.0999985,"Little_White_Salmon_River_Stream",6
447127,1,112.0999985,"Little_White_Salmon_River_Stream",6
447126,1,112.0999985,"Little_White_Salmon_River_Stream",6
447125,1,112.0999985,"Little_White_Salmon_River_Stream",6
444552,1,112.0999985,"Little_White_Salmon_River_Stream",6
444551,1,112.0999985,"Little_White_Salmon_River_Stream",6
444550,1,112.0999985,"Little_White_Salmon_River_Stream",6
444549,1,112.0999985,"Little_White_Salmon_River_Stream",6
441974,1,112.0999985,"Little_White_Salmon_River_Stream",6
441973,1,112.0999985,"Little_White_Salmon_River_Stream",6
441972,1,112.0999985,"Little_White_Salmon_River_Stream",6
439397,1,112.0999985,"Little_White_Salmon_River_Stream",6
439396,1,112.0999985,"Little_White_Salmon_River_Stream",6
439395,1,112.0999985,"Little_White_Salmon_River_Stream",6
439394,1,112.0999985,"Little_White_Salmon_River_Stream",6
436820,1,112.0999985,"Little_White_Salmon_River_Stream",6
436819,1,112.0999985,"Little_White_Salmon_River_Stream",6
436818,1,112.0999985,"Little_White_Salmon_River_Stream",6
436817,1,112.0999985,"Little_White_Salmon_River_Stream",6
434242,1,112.0999985,"Little_White_Salmon_River_Stream",6
434241,1,112.0999985,"Little_White_Salmon_River_Stream",6
434240,1,112.0999985,"Little_White_Salmon_River_Stream",6
431666,1,112.0999985,"Little_White_Salmon_River_Stream",6
431665,1,112.0999985,"Little_White_Salmon_River_Stream",6
431664,1,112.0999985,"Little_White_Salmon_River_Stream",6
431663,1,112.0999985,"Little_White_Salmon_River_Stream",6
429091,1,112.0999985,"Little_White_Salmon_River_Stream",6
429090,1,112.0999985,"Little_White_Salmon_River_Stream",6
429089,1,112.0999985,"Little_White_Salmon_River_Stream",6
429088,1,112.0999985,"Little_White_Salmon_River_Stream",6
429087,1,112.0999985,"Little_White_Salmon_River_Stream",6
426513,1,112.0999985,"Little_White_Salmon_River_Stream",6
426512,1,112.0999985,"Little_White_Salmon_River_Stream",6
426511,1,112.0999985,"Little_White_Salmon_River_Stream",6
423935,1,112.0999985,"Little_White_Salmon_River_Stream",6
421356,1,112.0999985,"Little_White_Salmon_River_Stream",6
418778,1,112.0999985,"Little_White_Salmon_River_Stream",6
633174,1,115.0999985,"White_Salmon_River_Stream",7
633173,1,115.0999985,"White_Salmon_River_Stream",7
630596,1,115.0999985,"White_Salmon_River_Stream",7
630595,1,115.0999985,"White_Salmon_River_Stream",7
630594,1,115.0999985,"White_Salmon_River_Stream",7
628019,1,115.0999985,"White_Salmon_River_Stream",7
628018,1,115.0999985,"White_Salmon_River_Stream",7
628017,1,115.0999985,"White_Salmon_River_Stream",7
628016,1,115.0999985,"White_Salmon_River_Stream",7
625441,1,115.0999985,"White_Salmon_River_Stream",7
625440,1,115.0999985,"White_Salmon_River_Stream",7
625439,1,115.0999985,"White_Salmon_River_Stream",7
625438,1,115.0999985,"White_Salmon_River_Stream",7
625437,1,115.0999985,"White_Salmon_River_Stream",7
622863,1,115.0999985,"White_Salmon_River_Stream",7
622862,1,115.0999985,"White_Salmon_River_Stream",7
622861,1,115.0999985,"White_Salmon_River_Stream",7
622860,1,115.0999985,"White_Salmon_River_Stream",7
622859,1,115.0999985,"White_Salmon_River_Stream",7
620285,1,115.0999985,"White_Salmon_River_Stream",7
620284,1,115.0999985,"White_Salmon_River_Stream",7
620283,1,115.0999985,"White_Salmon_River_Stream",7
620282,1,115.0999985,"White_Salmon_River_Stream",7
620281,1,115.0999985,"White_Salmon_River_Stream",7
620280,1,115.0999985,"White_Salmon_River_Stream",7
620279,1,115.0999985,"White_Salmon_River_Stream",7
617706,1,115.0999985,"White_Salmon_River_Stream",7
617705,1,115.0999985,"White_Salmon_River_Stream",7
617704,1,115.0999985,"White_Salmon_River_Stream",7
617703,1,115.0999985,"White_Salmon_River_Stream",7
617702,1,115.0999985,"White_Salmon_River_Stream",7
617701,1,115.0999985,"White_Salmon_River_Stream",7
617700,1,115.0999985,"White_Salmon_River_Stream",7
617699,1,115.0999985,"White_Salmon_River_Stream",7
615128,1,115.0999985,"White_Salmon_River_Stream",7
615127,1,115.0999985,"White_Salmon_River_Stream",7
615126,1,115.0999985,"White_Salmon_River_Stream",7
615125,1,115.0999985,"White_Salmon_River_Stream",7
615124,1,115.0999985,"White_Salmon_River_Stream",7
615123,1,115.0999985,"White_Salmon_River_Stream",7
615122,1,115.0999985,"White_Salmon_River_Stream",7
615121,1,115.0999985,"White_Salmon_River_Stream",7
615120,1,115.0999985,"White_Salmon_River_Stream",7
615119,1,115.0999985,"White_Salmon_River_Stream",7
612550,1,115.0999985,"White_Salmon_River_Stream",7
612549,1,115.0999985,"White_Salmon_River_Stream",7
612548,1,115.0999985,"White_Salmon_River_Stream",7
612547,1,115.0999985,"White_Salmon_River_Stream",7
612546,1,115.0999985,"White_Salmon_River_Stream",7
612545,1,115.0999985,"White_Salmon_River_Stream",7
612544,1,115.0999985,"White_Salmon_River_Stream",7
612543,1,115.0999985,"White_Salmon_River_Stream",7
612542,1,115.0999985,"White_Salmon_River_Stream",7
609971,1,115.0999985,"White_Salmon_River_Stream",7
609970,1,115.0999985,"White_Salmon_River_Stream",7
609969,1,115.0999985,"White_Salmon_River_Stream",7
609968,1,115.0999985,"White_Salmon_River_Stream",7
609967,1,115.0999985,"White_Salmon_River_Stream",7
609966,1,115.0999985,"White_Salmon_River_Stream",7
609965,1,115.0999985,"White_Salmon_River_Stream",7
607393,1,115.0999985,"White_Salmon_River_Stream",7
607392,1,115.0999985,"White_Salmon_River_Stream",7
607391,1,115.0999985,"White_Salmon_River_Stream",7
607390,1,115.0999985,"White_Salmon_River_Stream",7
607389,1,115.0999985,"White_Salmon_River_Stream",7
607388,1,115.0999985,"White_Salmon_River_Stream",7
604815,1,115.0999985,"White_Salmon_River_Stream",7
604814,1,115.0999985,"White_Salmon_River_Stream",7
604813,1,115.0999985,"White_Salmon_River_Stream",7
604812,1,115.0999985,"White_Salmon_River_Stream",7
604811,1,115.0999985,"White_Salmon_River_Stream",7
604810,1,115.0999985,"White_Salmon_River_Stream",7
602237,1,115.0999985,"White_Salmon_River_Stream",7
602236,1,115.0999985,"White_Salmon_River_Stream",7
602235,1,115.0999985,"White_Salmon_River_Stream",7
602234,1,115.0999985,"White_Salmon_River_Stream",7
602233,1,115.0999985,"White_Salmon_River_Stream",7
602232,1,115.0999985,"White_Salmon_River_Stream",7
599659,1,115.0999985,"White_Salmon_River_Stream",7
599658,1,115.0999985,"White_Salmon_River_Stream",7
599657,1,115.0999985,"White_Salmon_River_Stream",7
599656,1,115.0999985,"White_Salmon_River_Stream",7
599655,1,115.0999985,"White_Salmon_River_Stream",7
597081,1,115.0999985,"White_Salmon_River_Stream",7
597080,1,115.0999985,"White_Salmon_River_Stream",7
597079,1,115.0999985,"White_Salmon_River_Stream",7
597078,1,115.0999985,"White_Salmon_River_Stream",7
597077,1,115.0999985,"White_Salmon_River_Stream",7
594503,1,115.0999985,"White_Salmon_River_Stream",7
594502,1,115.0999985,"White_Salmon_River_Stream",7
594501,1,115.0999985,"White_Salmon_River_Stream",7
594500,1,115.0999985,"White_Salmon_River_Stream",7
594499,1,115.0999985,"White_Salmon_River_Stream",7
591924,1,115.0999985,"White_Salmon_River_Stream",7
591923,1,115.0999985,"White_Salmon_River_Stream",7
591922,1,115.0999985,"White_Salmon_River_Stream",7
591921,1,115.0999985,"White_Salmon_River_Stream",7
589346,1,115.0999985,"White_Salmon_River_Stream",7
589345,1,115.0999985,"White_Salmon_River_Stream",7
589344,1,115.0999985,"White_Salmon_River_Stream",7
589343,1,115.0999985,"White_Salmon_River_Stream",7
586768,1,115.0999985,"White_Salmon_River_Stream",7
586767,1,115.0999985,"White_Salmon_River_Stream",7
586766,1,115.0999985,"White_Salmon_River_Stream",7
586765,1,115.0999985,"White_Salmon_River_Stream",7
584189,1,115.0999985,"White_Salmon_River_Stream",7
584188,1,115.0999985,"White_Salmon_River_Stream",7
584187,1,115.0999985,"White_Salmon_River_Stream",7
581611,1,115.0999985,"White_Salmon_River_Stream",7
581610,1,115.0999985,"White_Salmon_River_Stream",7
581609,1,115.0999985,"White_Salmon_River_Stream",7
581608,1,115.0999985,"White_Salmon_River_Stream",7
579032,1,115.0999985,"White_Salmon_River_Stream",7
579031,1,115.0999985,"White_Salmon_River_Stream",7
579030,1,115.0999985,"White_Salmon_River_Stream",7
576454,1,115.0999985,"White_Salmon_River_Stream",7
576453,1,115.0999985,"White_Salmon_River_Stream",7
576452,1,115.0999985,"White_Salmon_River_Stream",7
576451,1,115.0999985,"White_Salmon_River_Stream",7
573875,1,115.0999985,"White_Salmon_River_Stream",7
573874,1,115.0999985,"White_Salmon_River_Stream",7
573873,1,115.0999985,"White_Salmon_River_Stream",7
571297,1,115.0999985,"White_Salmon_River_Stream",7
571296,1,115.0999985,"White_Salmon_River_Stream",7
571295,1,115.0999985,"White_Salmon_River_Stream",7
571294,1,115.0999985,"White_Salmon_River_Stream",7
568718,1,115.0999985,"White_Salmon_River_Stream",7
568717,1,115.0999985,"White_Salmon_River_Stream",7
568716,1,115.0999985,"White_Salmon_River_Stream",7
566140,1,115.0999985,"White_Salmon_River_Stream",7
566139,1,115.0999985,"White_Salmon_River_Stream",7
566138,1,115.0999985,"White_Salmon_River_Stream",7
566137,1,115.0999985,"White_Salmon_River_Stream",7
563561,1,115.0999985,"White_Salmon_River_Stream",7
563560,1,115.0999985,"White_Salmon_River_Stream",7
563559,1,115.0999985,"White_Salmon_River_Stream",7
560983,1,115.0999985,"White_Salmon_River_Stream",7
560982,1,115.0999985,"White_Salmon_River_Stream",7
560981,1,115.0999985,"White_Salmon_River_Stream",7
560980,1,115.0999985,"White_Salmon_River_Stream",7
558404,1,115.0999985,"White_Salmon_River_Stream",7
558403,1,115.0999985,"White_Salmon_River_Stream",7
558402,1,115.0999985,"White_Salmon_River_Stream",7
555826,1,115.0999985,"White_Salmon_River_Stream",7
555825,1,115.0999985,"White_Salmon_River_Stream",7
555824,1,115.0999985,"White_Salmon_River_Stream",7
555823,1,115.0999985,"White_Salmon_River_Stream",7
553247,1,115.0999985,"White_Salmon_River_Stream",7
553246,1,115.0999985,"White_Salmon_River_Stream",7
553245,1,115.0999985,"White_Salmon_River_Stream",7
550669,1,115.0999985,"White_Salmon_River_Stream",7
550668,1,115.0999985,"White_Salmon_River_Stream",7
550667,1,115.0999985,"White_Salmon_River_Stream",7
550666,1,115.0999985,"White_Salmon_River_Stream",7
548090,1,115.0999985,"White_Salmon_River_Stream",7
548089,1,115.0999985,"White_Salmon_River_Stream",7
548088,1,115.0999985,"White_Salmon_River_Stream",7
545512,1,115.0999985,"White_Salmon_River_Stream",7
545511,1,115.0999985,"White_Salmon_River_Stream",7
545510,1,115.0999985,"White_Salmon_River_Stream",7
545509,1,115.0999985,"White_Salmon_River_Stream",7
542933,1,115.0999985,"White_Salmon_River_Stream",7
542932,1,115.0999985,"White_Salmon_River_Stream",7
542931,1,115.0999985,"White_Salmon_River_Stream",7
540355,1,115.0999985,"White_Salmon_River_Stream",7
540354,1,115.0999985,"White_Salmon_River_Stream",7
540353,1,115.0999985,"White_Salmon_River_Stream",7
537776,1,115.0999985,"White_Salmon_River_Stream",7
537775,1,115.0999985,"White_Salmon_River_Stream",7
537774,1,115.0999985,"White_Salmon_River_Stream",7
535198,1,115.0999985,"White_Salmon_River_Stream",7
535197,1,115.0999985,"White_Salmon_River_Stream",7
535196,1,115.0999985,"White_Salmon_River_Stream",7
532619,1,115.0999985,"White_Salmon_River_Stream",7
532618,1,115.0999985,"White_Salmon_River_Stream",7
532617,1,115.0999985,"White_Salmon_River_Stream",7
530041,1,115.0999985,"White_Salmon_River_Stream",7
530040,1,115.0999985,"White_Salmon_River_Stream",7
530039,1,115.0999985,"White_Salmon_River_Stream",7
527462,1,115.0999985,"White_Salmon_River_Stream",7
527461,1,115.0999985,"White_Salmon_River_Stream",7
524884,1,115.0999985,"White_Salmon_River_Stream",7
524883,1,115.0999985,"White_Salmon_River_Stream",7
524882,1,115.0999985,"White_Salmon_River_Stream",7
522306,1,115.0999985,"White_Salmon_River_Stream",7
522305,1,115.0999985,"White_Salmon_River_Stream",7
522304,1,115.0999985,"White_Salmon_River_Stream",7
519728,1,115.0999985,"White_Salmon_River_Stream",7
519727,1,115.0999985,"White_Salmon_River_Stream",7
519726,1,115.0999985,"White_Salmon_River_Stream",7
517149,1,115.0999985,"White_Salmon_River_Stream",7
517148,1,115.0999985,"White_Salmon_River_Stream",7
514571,1,115.0999985,"White_Salmon_River_Stream",7
514570,1,115.0999985,"White_Salmon_River_Stream",7
511993,1,115.0999985,"White_Salmon_River_Stream",7
511992,1,115.0999985,"White_Salmon_River_Stream",7
509415,1,115.0999985,"White_Salmon_River_Stream",7
509414,1,115.0999985,"White_Salmon_River_Stream",7
509413,1,115.0999985,"White_Salmon_River_Stream",7
506836,1,115.0999985,"White_Salmon_River_Stream",7
506835,1,115.0999985,"White_Salmon_River_Stream",7
504258,1,115.0999985,"White_Salmon_River_Stream",7
504257,1,115.0999985,"White_Salmon_River_Stream",7
501680,1,115.0999985,"White_Salmon_River_Stream",7
501679,1,115.0999985,"White_Salmon_River_Stream",7
499101,1,115.0999985,"White_Salmon_River_Stream",7
499100,1,115.0999985,"White_Salmon_River_Stream",7
496523,1,115.0999985,"White_Salmon_River_Stream",7
496522,1,115.0999985,"White_Salmon_River_Stream",7
493945,1,115.0999985,"White_Salmon_River_Stream",7
493944,1,115.0999985,"White_Salmon_River_Stream",7
493943,1,115.0999985,"White_Salmon_River_Stream",7
491366,1,115.0999985,"White_Salmon_River_Stream",7
491365,1,115.0999985,"White_Salmon_River_Stream",7
488788,1,115.0999985,"White_Salmon_River_Stream",7
488787,1,115.0999985,"White_Salmon_River_Stream",7
488786,1,115.0999985,"White_Salmon_River_Stream",7
486209,1,115.0999985,"White_Salmon_River_Stream",7
486208,1,115.0999985,"White_Salmon_River_Stream",7
483630,1,115.0999985,"White_Salmon_River_Stream",7
483629,1,115.0999985,"White_Salmon_River_Stream",7
481052,1,115.0999985,"White_Salmon_River_Stream",7
481051,1,115.0999985,"White_Salmon_River_Stream",7
478473,1,115.0999985,"White_Salmon_River_Stream",7
478472,1,115.0999985,"White_Salmon_River_Stream",7
475895,1,115.0999985,"White_Salmon_River_Stream",7
475894,1,115.0999985,"White_Salmon_River_Stream",7
473316,1,115.0999985,"White_Salmon_River_Stream",7
473315,1,115.0999985,"White_Salmon_River_Stream",7
470737,1,115.0999985,"White_Salmon_River_Stream",7
470736,1,115.0999985,"White_Salmon_River_Stream",7
468159,1,115.0999985,"White_Salmon_River_Stream",7
468158,1,115.0999985,"White_Salmon_River_Stream",7
465580,1,115.0999985,"White_Salmon_River_Stream",7
465579,1,115.0999985,"White_Salmon_River_Stream",7
463001,1,115.0999985,"White_Salmon_River_Stream",7
463000,1,115.0999985,"White_Salmon_River_Stream",7
460423,1,115.0999985,"White_Salmon_River_Stream",7
460422,1,115.0999985,"White_Salmon_River_Stream",7
457844,1,115.0999985,"White_Salmon_River_Stream",7
457843,1,115.0999985,"White_Salmon_River_Stream",7
455266,1,115.0999985,"White_Salmon_River_Stream",7
455265,1,115.0999985,"White_Salmon_River_Stream",7
452687,1,115.0999985,"White_Salmon_River_Stream",7
452686,1,115.0999985,"White_Salmon_River_Stream",7
450108,1,115.0999985,"White_Salmon_River_Stream",7
447530,1,115.0999985,"White_Salmon_River_Stream",7
447529,1,115.0999985,"White_Salmon_River_Stream",7
444951,1,115.0999985,"White_Salmon_River_Stream",7
444950,1,115.0999985,"White_Salmon_River_Stream",7
442372,1,115.0999985,"White_Salmon_River_Stream",7
439794,1,115.0999985,"White_Salmon_River_Stream",7
439793,1,115.0999985,"White_Salmon_River_Stream",7
437215,1,115.0999985,"White_Salmon_River_Stream",7
437214,1,115.0999985,"White_Salmon_River_Stream",7
434637,1,115.0999985,"White_Salmon_River_Stream",7
434636,1,115.0999985,"White_Salmon_River_Stream",7
432058,1,115.0999985,"White_Salmon_River_Stream",7
429480,1,115.0999985,"White_Salmon_River_Stream",7
429479,1,115.0999985,"White_Salmon_River_Stream",7
426901,1,115.0999985,"White_Salmon_River_Stream",7
424323,1,115.0999985,"White_Salmon_River_Stream",7
421745,1,115.0999985,"White_Salmon_River_Stream",7
419167,1,115.0999985,"White_Salmon_River_Stream",7
416589,1,115.0999985,"White_Salmon_River_Stream",7
414011,1,115.0999985,"White_Salmon_River_Stream",7
411433,1,115.0999985,"White_Salmon_River_Stream",7
408856,1,115.0999985,"White_Salmon_River_Stream",7
408855,1,115.0999985,"White_Salmon_River_Stream",7
406278,1,115.0999985,"White_Salmon_River_Stream",7
403700,1,115.0999985,"White_Salmon_River_Stream",7
401122,1,115.0999985,"White_Salmon_River_Stream",7
398544,1,115.0999985,"White_Salmon_River_Stream",7
395966,1,115.0999985,"White_Salmon_River_Stream",7
393389,1,115.0999985,"White_Salmon_River_Stream",7
393388,1,115.0999985,"White_Salmon_River_Stream",7
1657517,1,125.0999985,"Klickitat_River_Stream",8
1654939,1,125.0999985,"Klickitat_River_Stream",8
1654938,1,125.0999985,"Klickitat_River_Stream",8
1652361,1,125.0999985,"Klickitat_River_Stream",8
1652360,1,125.0999985,"Klickitat_River_Stream",8
1652359,1,125.0999985,"Klickitat_River_Stream",8
1649783,1,125.0999985,"Klickitat_River_Stream",8
1649782,1,125.0999985,"Klickitat_River_Stream",8
1649781,1,125.0999985,"Klickitat_River_Stream",8
1649780,1,125.0999985,"Klickitat_River_Stream",8
1647205,1,125.0999985,"Klickitat_River_Stream",8
1647204,1,125.0999985,"Klickitat_River_Stream",8
1647203,1,125.0999985,"Klickitat_River_Stream",8
1647202,1,125.0999985,"Klickitat_River_Stream",8
1647201,1,125.0999985,"Klickitat_River_Stream",8
1644627,1,125.0999985,"Klickitat_River_Stream",8
1644626,1,125.0999985,"Klickitat_River_Stream",8
1644625,1,125.0999985,"Klickitat_River_Stream",8
1642050,1,125.0999985,"Klickitat_River_Stream",8
1642049,1,125.0999985,"Klickitat_River_Stream",8
1642048,1,125.0999985,"Klickitat_River_Stream",8
1639472,1,125.0999985,"Klickitat_River_Stream",8
1639471,1,125.0999985,"Klickitat_River_Stream",8
1636895,1,125.0999985,"Klickitat_River_Stream",8
1636894,1,125.0999985,"Klickitat_River_Stream",8
1636893,1,125.0999985,"Klickitat_River_Stream",8
1634318,1,125.0999985,"Klickitat_River_Stream",8
1634317,1,125.0999985,"Klickitat_River_Stream",8
1634316,1,125.0999985,"Klickitat_River_Stream",8
1631740,1,125.0999985,"Klickitat_River_Stream",8
1631739,1,125.0999985,"Klickitat_River_Stream",8
1631738,1,125.0999985,"Klickitat_River_Stream",8
1629162,1,125.0999985,"Klickitat_River_Stream",8
1629161,1,125.0999985,"Klickitat_River_Stream",8
1626584,1,125.0999985,"Klickitat_River_Stream",8
1626583,1,125.0999985,"Klickitat_River_Stream",8
1624006,1,125.0999985,"Klickitat_River_Stream",8
1624005,1,125.0999985,"Klickitat_River_Stream",8
1621428,1,125.0999985,"Klickitat_River_Stream",8
1621427,1,125.0999985,"Klickitat_River_Stream",8
1618856,1,125.0999985,"Klickitat_River_Stream",8
1618851,1,125.0999985,"Klickitat_River_Stream",8
1618850,1,125.0999985,"Klickitat_River_Stream",8
1618849,1,125.0999985,"Klickitat_River_Stream",8
1616279,1,125.0999985,"Klickitat_River_Stream",8
1616278,1,125.0999985,"Klickitat_River_Stream",8
1616277,1,125.0999985,"Klickitat_River_Stream",8
1616274,1,125.0999985,"Klickitat_River_Stream",8
1616273,1,125.0999985,"Klickitat_River_Stream",8
1616272,1,125.0999985,"Klickitat_River_Stream",8
1616271,1,125.0999985,"Klickitat_River_Stream",8
1613701,1,125.0999985,"Klickitat_River_Stream",8
1613700,1,125.0999985,"Klickitat_River_Stream",8
1613699,1,125.0999985,"Klickitat_River_Stream",8
1613698,1,125.0999985,"Klickitat_River_Stream",8
1613697,1,125.0999985,"Klickitat_River_Stream",8
1613696,1,125.0999985,"Klickitat_River_Stream",8
1613695,1,125.0999985,"Klickitat_River_Stream",8
1613694,1,125.0999985,"Klickitat_River_Stream",8
1613693,1,125.0999985,"Klickitat_River_Stream",8
1611123,1,125.0999985,"Klickitat_River_Stream",8
1611122,1,125.0999985,"Klickitat_River_Stream",8
1611121,1,125.0999985,"Klickitat_River_Stream",8
1611120,1,125.0999985,"Klickitat_River_Stream",8
1611119,1,125.0999985,"Klickitat_River_Stream",8
1611118,1,125.0999985,"Klickitat_River_Stream",8
1611117,1,125.0999985,"Klickitat_River_Stream",8
1608546,1,125.0999985,"Klickitat_River_Stream",8
1608545,1,125.0999985,"Klickitat_River_Stream",8
1608544,1,125.0999985,"Klickitat_River_Stream",8
1608543,1,125.0999985,"Klickitat_River_Stream",8
1608542,1,125.0999985,"Klickitat_River_Stream",8
1608541,1,125.0999985,"Klickitat_River_Stream",8
1608540,1,125.0999985,"Klickitat_River_Stream",8
1608539,1,125.0999985,"Klickitat_River_Stream",8
1605968,1,125.0999985,"Klickitat_River_Stream",8
1605967,1,125.0999985,"Klickitat_River_Stream",8
1605966,1,125.0999985,"Klickitat_River_Stream",8
1605965,1,125.0999985,"Klickitat_River_Stream",8
1605964,1,125.0999985,"Klickitat_River_Stream",8
1605963,1,125.0999985,"Klickitat_River_Stream",8
1603390,1,125.0999985,"Klickitat_River_Stream",8
1603389,1,125.0999985,"Klickitat_River_Stream",8
1603388,1,125.0999985,"Klickitat_River_Stream",8
1603387,1,125.0999985,"Klickitat_River_Stream",8
1600813,1,125.0999985,"Klickitat_River_Stream",8
1600812,1,125.0999985,"Klickitat_River_Stream",8
1600811,1,125.0999985,"Klickitat_River_Stream",8
1600810,1,125.0999985,"Klickitat_River_Stream",8
1600809,1,125.0999985,"Klickitat_River_Stream",8
1598235,1,125.0999985,"Klickitat_River_Stream",8
1598234,1,125.0999985,"Klickitat_River_Stream",8
1598233,1,125.0999985,"Klickitat_River_Stream",8
1595657,1,125.0999985,"Klickitat_River_Stream",8
1595656,1,125.0999985,"Klickitat_River_Stream",8
1593079,1,125.0999985,"Klickitat_River_Stream",8
1593078,1,125.0999985,"Klickitat_River_Stream",8
1590501,1,125.0999985,"Klickitat_River_Stream",8
1590500,1,125.0999985,"Klickitat_River_Stream",8
1587938,1,125.0999985,"Klickitat_River_Stream",8
1587937,1,125.0999985,"Klickitat_River_Stream",8
1587925,1,125.0999985,"Klickitat_River_Stream",8
1587924,1,125.0999985,"Klickitat_River_Stream",8
1587923,1,125.0999985,"Klickitat_River_Stream",8
1587922,1,125.0999985,"Klickitat_River_Stream",8
1585360,1,125.0999985,"Klickitat_River_Stream",8
1585359,1,125.0999985,"Klickitat_River_Stream",8
1585358,1,125.0999985,"Klickitat_River_Stream",8
1585355,1,125.0999985,"Klickitat_River_Stream",8
1585351,1,125.0999985,"Klickitat_River_Stream",8
1585350,1,125.0999985,"Klickitat_River_Stream",8
1585349,1,125.0999985,"Klickitat_River_Stream",8
1585348,1,125.0999985,"Klickitat_River_Stream",8
1585347,1,125.0999985,"Klickitat_River_Stream",8
1585346,1,125.0999985,"Klickitat_River_Stream",8
1585345,1,125.0999985,"Klickitat_River_Stream",8
1582782,1,125.0999985,"Klickitat_River_Stream",8
1582781,1,125.0999985,"Klickitat_River_Stream",8
1582780,1,125.0999985,"Klickitat_River_Stream",8
1582779,1,125.0999985,"Klickitat_River_Stream",8
1582778,1,125.0999985,"Klickitat_River_Stream",8
1582777,1,125.0999985,"Klickitat_River_Stream",8
1582776,1,125.0999985,"Klickitat_River_Stream",8
1582775,1,125.0999985,"Klickitat_River_Stream",8
1582774,1,125.0999985,"Klickitat_River_Stream",8
1582773,1,125.0999985,"Klickitat_River_Stream",8
1582772,1,125.0999985,"Klickitat_River_Stream",8
1582771,1,125.0999985,"Klickitat_River_Stream",8
1582770,1,125.0999985,"Klickitat_River_Stream",8
1582769,1,125.0999985,"Klickitat_River_Stream",8
1582768,1,125.0999985,"Klickitat_River_Stream",8
1582767,1,125.0999985,"Klickitat_River_Stream",8
1580204,1,125.0999985,"Klickitat_River_Stream",8
1580203,1,125.0999985,"Klickitat_River_Stream",8
1580201,1,125.0999985,"Klickitat_River_Stream",8
1580200,1,125.0999985,"Klickitat_River_Stream",8
1580199,1,125.0999985,"Klickitat_River_Stream",8
1580198,1,125.0999985,"Klickitat_River_Stream",8
1580197,1,125.0999985,"Klickitat_River_Stream",8
1580196,1,125.0999985,"Klickitat_River_Stream",8
1580195,1,125.0999985,"Klickitat_River_Stream",8
1580194,1,125.0999985,"Klickitat_River_Stream",8
1580193,1,125.0999985,"Klickitat_River_Stream",8
1580192,1,125.0999985,"Klickitat_River_Stream",8
1580191,1,125.0999985,"Klickitat_River_Stream",8
1580189,1,125.0999985,"Klickitat_River_Stream",8
1577626,1,125.0999985,"Klickitat_River_Stream",8
1577625,1,125.0999985,"Klickitat_River_Stream",8
1577617,1,125.0999985,"Klickitat_River_Stream",8
1577616,1,125.0999985,"Klickitat_River_Stream",8
1575048,1,125.0999985,"Klickitat_River_Stream",8
1575047,1,125.0999985,"Klickitat_River_Stream",8
1572482,1,125.0999985,"Klickitat_River_Stream",8
1572481,1,125.0999985,"Klickitat_River_Stream",8
1572480,1,125.0999985,"Klickitat_River_Stream",8
1572479,1,125.0999985,"Klickitat_River_Stream",8
1572478,1,125.0999985,"Klickitat_River_Stream",8
1572477,1,125.0999985,"Klickitat_River_Stream",8
1572470,1,125.0999985,"Klickitat_River_Stream",8
1572469,1,125.0999985,"Klickitat_River_Stream",8
1569904,1,125.0999985,"Klickitat_River_Stream",8
1569903,1,125.0999985,"Klickitat_River_Stream",8
1569902,1,125.0999985,"Klickitat_River_Stream",8
1569901,1,125.0999985,"Klickitat_River_Stream",8
1569900,1,125.0999985,"Klickitat_River_Stream",8
1569899,1,125.0999985,"Klickitat_River_Stream",8
1569898,1,125.0999985,"Klickitat_River_Stream",8
1569897,1,125.0999985,"Klickitat_River_Stream",8
1569892,1,125.0999985,"Klickitat_River_Stream",8
1569891,1,125.0999985,"Klickitat_River_Stream",8
1569890,1,125.0999985,"Klickitat_River_Stream",8
1567326,1,125.0999985,"Klickitat_River_Stream",8
1567325,1,125.0999985,"Klickitat_River_Stream",8
1567320,1,125.0999985,"Klickitat_River_Stream",8
1567319,1,125.0999985,"Klickitat_River_Stream",8
1567318,1,125.0999985,"Klickitat_River_Stream",8
1567315,1,125.0999985,"Klickitat_River_Stream",8
1567314,1,125.0999985,"Klickitat_River_Stream",8
1567313,1,125.0999985,"Klickitat_River_Stream",8
1567312,1,125.0999985,"Klickitat_River_Stream",8
1564748,1,125.0999985,"Klickitat_River_Stream",8
1564747,1,125.0999985,"Klickitat_River_Stream",8
1564741,1,125.0999985,"Klickitat_River_Stream",8
1564740,1,125.0999985,"Klickitat_River_Stream",8
1564739,1,125.0999985,"Klickitat_River_Stream",8
1564736,1,125.0999985,"Klickitat_River_Stream",8
1564735,1,125.0999985,"Klickitat_River_Stream",8
1562170,1,125.0999985,"Klickitat_River_Stream",8
1562169,1,125.0999985,"Klickitat_River_Stream",8
1562162,1,125.0999985,"Klickitat_River_Stream",8
1562161,1,125.0999985,"Klickitat_River_Stream",8
1562160,1,125.0999985,"Klickitat_River_Stream",8
1562159,1,125.0999985,"Klickitat_River_Stream",8
1562158,1,125.0999985,"Klickitat_River_Stream",8
1559592,1,125.0999985,"Klickitat_River_Stream",8
1559591,1,125.0999985,"Klickitat_River_Stream",8
1559583,1,125.0999985,"Klickitat_River_Stream",8
1559582,1,125.0999985,"Klickitat_River_Stream",8
1559581,1,125.0999985,"Klickitat_River_Stream",8
1559580,1,125.0999985,"Klickitat_River_Stream",8
1557013,1,125.0999985,"Klickitat_River_Stream",8
1554435,1,125.0999985,"Klickitat_River_Stream",8
1551857,1,125.0999985,"Klickitat_River_Stream",8
1549279,1,125.0999985,"Klickitat_River_Stream",8
1546701,1,125.0999985,"Klickitat_River_Stream",8
1544124,1,125.0999985,"Klickitat_River_Stream",8
1544123,1,125.0999985,"Klickitat_River_Stream",8
1541547,1,125.0999985,"Klickitat_River_Stream",8
1541546,1,125.0999985,"Klickitat_River_Stream",8
1541545,1,125.0999985,"Klickitat_River_Stream",8
1538971,1,125.0999985,"Klickitat_River_Stream",8
1538970,1,125.0999985,"Klickitat_River_Stream",8
1538969,1,125.0999985,"Klickitat_River_Stream",8
1536394,1,125.0999985,"Klickitat_River_Stream",8
1536393,1,125.0999985,"Klickitat_River_Stream",8
1536392,1,125.0999985,"Klickitat_River_Stream",8
1533816,1,125.0999985,"Klickitat_River_Stream",8
1533815,1,125.0999985,"Klickitat_River_Stream",8
1533814,1,125.0999985,"Klickitat_River_Stream",8
1531238,1,125.0999985,"Klickitat_River_Stream",8
1528662,1,125.0999985,"Klickitat_River_Stream",8
1528661,1,125.0999985,"Klickitat_River_Stream",8
1528660,1,125.0999985,"Klickitat_River_Stream",8
1526087,1,125.0999985,"Klickitat_River_Stream",8
1526086,1,125.0999985,"Klickitat_River_Stream",8
1526085,1,125.0999985,"Klickitat_River_Stream",8
1526084,1,125.0999985,"Klickitat_River_Stream",8
1526083,1,125.0999985,"Klickitat_River_Stream",8
1523519,1,125.0999985,"Klickitat_River_Stream",8
1523518,1,125.0999985,"Klickitat_River_Stream",8
1523517,1,125.0999985,"Klickitat_River_Stream",8
1523516,1,125.0999985,"Klickitat_River_Stream",8
1523515,1,125.0999985,"Klickitat_River_Stream",8
1523514,1,125.0999985,"Klickitat_River_Stream",8
1523513,1,125.0999985,"Klickitat_River_Stream",8
1523512,1,125.0999985,"Klickitat_River_Stream",8
1523511,1,125.0999985,"Klickitat_River_Stream",8
1523510,1,125.0999985,"Klickitat_River_Stream",8
1523509,1,125.0999985,"Klickitat_River_Stream",8
1520947,1,125.0999985,"Klickitat_River_Stream",8
1520946,1,125.0999985,"Klickitat_River_Stream",8
1520945,1,125.0999985,"Klickitat_River_Stream",8
1520944,1,125.0999985,"Klickitat_River_Stream",8
1520943,1,125.0999985,"Klickitat_River_Stream",8
1520942,1,125.0999985,"Klickitat_River_Stream",8
1520941,1,125.0999985,"Klickitat_River_Stream",8
1518370,1,125.0999985,"Klickitat_River_Stream",8
1518369,1,125.0999985,"Klickitat_River_Stream",8
1515796,1,125.0999985,"Klickitat_River_Stream",8
1515795,1,125.0999985,"Klickitat_River_Stream",8
1515794,1,125.0999985,"Klickitat_River_Stream",8
1515793,1,125.0999985,"Klickitat_River_Stream",8
1515792,1,125.0999985,"Klickitat_River_Stream",8
737501,2,92.1999969,"Eagle_Creek_Plume_LT18",9
737500,2,92.1999969,"Eagle_Creek_Plume_LT18",9
734923,2,92.1999969,"Eagle_Creek_Plume_LT18",9
734922,2,92.1999969,"Eagle_Creek_Plume_LT18",9
732345,2,92.1999969,"Eagle_Creek_Plume_LT18",9
732344,2,92.1999969,"Eagle_Creek_Plume_LT18",9
356164,2,96.1999969,"Herman_Creek_Plume_LT18",10
353587,2,96.1999969,"Herman_Creek_Plume_LT18",10
353586,2,96.1999969,"Herman_Creek_Plume_LT18",10
353585,2,96.1999969,"Herman_Creek_Plume_LT18",10
353584,2,96.1999969,"Herman_Creek_Plume_LT18",10
353583,2,96.1999969,"Herman_Creek_Plume_LT18",10
353582,2,96.1999969,"Herman_Creek_Plume_LT18",10
353579,2,96.1999969,"Herman_Creek_Plume_LT18",10
353578,2,96.1999969,"Herman_Creek_Plume_LT18",10
351010,2,96.1999969,"Herman_Creek_Plume_LT18",10
351009,2,96.1999969,"Herman_Creek_Plume_LT18",10
351008,2,96.1999969,"Herman_Creek_Plume_LT18",10
351007,2,96.1999969,"Herman_Creek_Plume_LT18",10
351006,2,96.1999969,"Herman_Creek_Plume_LT18",10
351005,2,96.1999969,"Herman_Creek_Plume_LT18",10
351004,2,96.1999969,"Herman_Creek_Plume_LT18",10
351003,2,96.1999969,"Herman_Creek_Plume_LT18",10
351002,2,96.1999969,"Herman_Creek_Plume_LT18",10
351001,2,96.1999969,"Herman_Creek_Plume_LT18",10
351000,2,96.1999969,"Herman_Creek_Plume_LT18",10
348432,2,96.1999969,"Herman_Creek_Plume_LT18",10
348431,2,96.1999969,"Herman_Creek_Plume_LT18",10
348430,2,96.1999969,"Herman_Creek_Plume_LT18",10
348429,2,96.1999969,"Herman_Creek_Plume_LT18",10
348428,2,96.1999969,"Herman_Creek_Plume_LT18",10
348427,2,96.1999969,"Herman_Creek_Plume_LT18",10
348426,2,96.1999969,"Herman_Creek_Plume_LT18",10
348425,2,96.1999969,"Herman_Creek_Plume_LT18",10
348424,2,96.1999969,"Herman_Creek_Plume_LT18",10
348423,2,96.1999969,"Herman_Creek_Plume_LT18",10
348422,2,96.1999969,"Herman_Creek_Plume_LT18",10
348421,2,96.1999969,"Herman_Creek_Plume_LT18",10
348420,2,96.1999969,"Herman_Creek_Plume_LT18",10
348419,2,96.1999969,"Herman_Creek_Plume_LT18",10
348418,2,96.1999969,"Herman_Creek_Plume_LT18",10
345853,2,96.1999969,"Herman_Creek_Plume_LT18",10
345852,2,96.1999969,"Herman_Creek_Plume_LT18",10
345851,2,96.1999969,"Herman_Creek_Plume_LT18",10
345850,2,96.1999969,"Herman_Creek_Plume_LT18",10
345849,2,96.1999969,"Herman_Creek_Plume_LT18",10
345848,2,96.1999969,"Herman_Creek_Plume_LT18",10
345847,2,96.1999969,"Herman_Creek_Plume_LT18",10
345846,2,96.1999969,"Herman_Creek_Plume_LT18",10
345845,2,96.1999969,"Herman_Creek_Plume_LT18",10
345844,2,96.1999969,"Herman_Creek_Plume_LT18",10
345843,2,96.1999969,"Herman_Creek_Plume_LT18",10
345842,2,96.1999969,"Herman_Creek_Plume_LT18",10
345841,2,96.1999969,"Herman_Creek_Plume_LT18",10
345840,2,96.1999969,"Herman_Creek_Plume_LT18",10
345839,2,96.1999969,"Herman_Creek_Plume_LT18",10
345838,2,96.1999969,"Herman_Creek_Plume_LT18",10
345837,2,96.1999969,"Herman_Creek_Plume_LT18",10
345836,2,96.1999969,"Herman_Creek_Plume_LT18",10
345835,2,96.1999969,"Herman_Creek_Plume_LT18",10
345834,2,96.1999969,"Herman_Creek_Plume_LT18",10
345833,2,96.1999969,"Herman_Creek_Plume_LT18",10
345832,2,96.1999969,"Herman_Creek_Plume_LT18",10
345831,2,96.1999969,"Herman_Creek_Plume_LT18",10
343273,2,96.1999969,"Herman_Creek_Plume_LT18",10
343272,2,96.1999969,"Herman_Creek_Plume_LT18",10
343271,2,96.1999969,"Herman_Creek_Plume_LT18",10
343270,2,96.1999969,"Herman_Creek_Plume_LT18",10
343269,2,96.1999969,"Herman_Creek_Plume_LT18",10
343268,2,96.1999969,"Herman_Creek_Plume_LT18",10
343267,2,96.1999969,"Herman_Creek_Plume_LT18",10
343266,2,96.1999969,"Herman_Creek_Plume_LT18",10
343265,2,96.1999969,"Herman_Creek_Plume_LT18",10
343264,2,96.1999969,"Herman_Creek_Plume_LT18",10
343263,2,96.1999969,"Herman_Creek_Plume_LT18",10
343262,2,96.1999969,"Herman_Creek_Plume_LT18",10
343261,2,96.1999969,"Herman_Creek_Plume_LT18",10
343260,2,96.1999969,"Herman_Creek_Plume_LT18",10
343259,2,96.1999969,"Herman_Creek_Plume_LT18",10
343258,2,96.1999969,"Herman_Creek_Plume_LT18",10
343257,2,96.1999969,"Herman_Creek_Plume_LT18",10
343256,2,96.1999969,"Herman_Creek_Plume_LT18",10
343255,2,96.1999969,"Herman_Creek_Plume_LT18",10
343254,2,96.1999969,"Herman_Creek_Plume_LT18",10
343253,2,96.1999969,"Herman_Creek_Plume_LT18",10
340694,2,96.1999969,"Herman_Creek_Plume_LT18",10
340693,2,96.1999969,"Herman_Creek_Plume_LT18",10
340692,2,96.1999969,"Herman_Creek_Plume_LT18",10
340691,2,96.1999969,"Herman_Creek_Plume_LT18",10
340690,2,96.1999969,"Herman_Creek_Plume_LT18",10
340689,2,96.1999969,"Herman_Creek_Plume_LT18",10
340688,2,96.1999969,"Herman_Creek_Plume_LT18",10
340681,2,96.1999969,"Herman_Creek_Plume_LT18",10
340680,2,96.1999969,"Herman_Creek_Plume_LT18",10
340679,2,96.1999969,"Herman_Creek_Plume_LT18",10
340678,2,96.1999969,"Herman_Creek_Plume_LT18",10
340677,2,96.1999969,"Herman_Creek_Plume_LT18",10
340676,2,96.1999969,"Herman_Creek_Plume_LT18",10
340675,2,96.1999969,"Herman_Creek_Plume_LT18",10
338115,2,96.1999969,"Herman_Creek_Plume_LT18",10
338114,2,96.1999969,"Herman_Creek_Plume_LT18",10
338113,2,96.1999969,"Herman_Creek_Plume_LT18",10
338112,2,96.1999969,"Herman_Creek_Plume_LT18",10
338111,2,96.1999969,"Herman_Creek_Plume_LT18",10
338099,2,96.1999969,"Herman_Creek_Plume_LT18",10
338098,2,96.1999969,"Herman_Creek_Plume_LT18",10
338097,2,96.1999969,"Herman_Creek_Plume_LT18",10
335536,2,96.1999969,"Herman_Creek_Plume_LT18",10
335535,2,96.1999969,"Herman_Creek_Plume_LT18",10
335534,2,96.1999969,"Herman_Creek_Plume_LT18",10
335533,2,96.1999969,"Herman_Creek_Plume_LT18",10
335519,2,96.1999969,"Herman_Creek_Plume_LT18",10
332957,2,96.1999969,"Herman_Creek_Plume_LT18",10
332956,2,96.1999969,"Herman_Creek_Plume_LT18",10
332955,2,96.1999969,"Herman_Creek_Plume_LT18",10
330378,2,96.1999969,"Herman_Creek_Plume_LT18",10
330377,2,96.1999969,"Herman_Creek_Plume_LT18",10
330376,2,96.1999969,"Herman_Creek_Plume_LT18",10
93414,2,100.1999969,"Wind_River_Plume_LT18",11
93413,2,100.1999969,"Wind_River_Plume_LT18",11
93412,2,100.1999969,"Wind_River_Plume_LT18",11
90835,2,100.1999969,"Wind_River_Plume_LT18",11
90834,2,100.1999969,"Wind_River_Plume_LT18",11
90833,2,100.1999969,"Wind_River_Plume_LT18",11
88256,2,100.1999969,"Wind_River_Plume_LT18",11
88255,2,100.1999969,"Wind_River_Plume_LT18",11
88254,2,100.1999969,"Wind_River_Plume_LT18",11
85678,2,100.1999969,"Wind_River_Plume_LT18",11
85677,2,100.1999969,"Wind_River_Plume_LT18",11
85676,2,100.1999969,"Wind_River_Plume_LT18",11
85675,2,100.1999969,"Wind_River_Plume_LT18",11
83100,2,100.1999969,"Wind_River_Plume_LT18",11
83099,2,100.1999969,"Wind_River_Plume_LT18",11
83098,2,100.1999969,"Wind_River_Plume_LT18",11
83097,2,100.1999969,"Wind_River_Plume_LT18",11
80522,2,100.1999969,"Wind_River_Plume_LT18",11
80521,2,100.1999969,"Wind_River_Plume_LT18",11
80520,2,100.1999969,"Wind_River_Plume_LT18",11
77944,2,100.1999969,"Wind_River_Plume_LT18",11
77943,2,100.1999969,"Wind_River_Plume_LT18",11
77942,2,100.1999969,"Wind_River_Plume_LT18",11
75368,2,100.1999969,"Wind_River_Plume_LT18",11
75367,2,100.1999969,"Wind_River_Plume_LT18",11
75366,2,100.1999969,"Wind_River_Plume_LT18",11
75365,2,100.1999969,"Wind_River_Plume_LT18",11
75364,2,100.1999969,"Wind_River_Plume_LT18",11
72789,2,100.1999969,"Wind_River_Plume_LT18",11
72788,2,100.1999969,"Wind_River_Plume_LT18",11
72787,2,100.1999969,"Wind_River_Plume_LT18",11
72786,2,100.1999969,"Wind_River_Plume_LT18",11
70210,2,100.1999969,"Wind_River_Plume_LT18",11
70209,2,100.1999969,"Wind_River_Plume_LT18",11
70208,2,100.1999969,"Wind_River_Plume_LT18",11
67631,2,100.1999969,"Wind_River_Plume_LT18",11
67630,2,100.1999969,"Wind_River_Plume_LT18",11
65052,2,100.1999969,"Wind_River_Plume_LT18",11
529642,2,112.1999969,"Little_White_Salmon_River_Plume_LT18",12
529641,2,112.1999969,"Little_White_Salmon_River_Plume_LT18",12
529640,2,112.1999969,"Little_White_Salmon_River_Plume_LT18",12
529639,2,112.1999969,"Little_White_Salmon_River_Plume_LT18",12
529638,2,112.1999969,"Little_White_Salmon_River_Plume_LT18",12
529637,2,112.1999969,"Little_White_Salmon_River_Plume_LT18",12
529636,2,112.1999969,"Little_White_Salmon_River_Plume_LT18",12
529635,2,112.1999969,"Little_White_Salmon_River_Plume_LT18",12
529634,2,112.1999969,"Little_White_Salmon_River_Plume_LT18",12
527067,2,112.1999969,"Little_White_Salmon_River_Plume_LT18",12
527066,2,112.1999969,"Little_White_Salmon_River_Plume_LT18",12
527065,2,112.1999969,"Little_White_Salmon_River_Plume_LT18",12
527064,2,112.1999969,"Little_White_Salmon_River_Plume_LT18",12
527063,2,112.1999969,"Little_White_Salmon_River_Plume_LT18",12
527062,2,112.1999969,"Little_White_Salmon_River_Plume_LT18",12
527061,2,112.1999969,"Little_White_Salmon_River_Plume_LT18",12
527060,2,112.1999969,"Little_White_Salmon_River_Plume_LT18",12
527059,2,112.1999969,"Little_White_Salmon_River_Plume_LT18",12
527058,2,112.1999969,"Little_White_Salmon_River_Plume_LT18",12
527057,2,112.1999969,"Little_White_Salmon_River_Plume_LT18",12
527056,2,112.1999969,"Little_White_Salmon_River_Plume_LT18",12
527055,2,112.1999969,"Little_White_Salmon_River_Plume_LT18",12
524490,2,112.1999969,"Little_White_Salmon_River_Plume_LT18",12
524489,2,112.1999969,"Little_White_Salmon_River_Plume_LT18",12
524488,2,112.1999969,"Little_White_Salmon_River_Plume_LT18",12
524487,2,112.1999969,"Little_White_Salmon_River_Plume_LT18",12
524486,2,112.1999969,"Little_White_Salmon_River_Plume_LT18",12
524485,2,112.1999969,"Little_White_Salmon_River_Plume_LT18",12
524484,2,112.1999969,"Little_White_Salmon_River_Plume_LT18",12
524483,2,112.1999969,"Little_White_Salmon_River_Plume_LT18",12
524482,2,112.1999969,"Little_White_Salmon_River_Plume_LT18",12
524481,2,112.1999969,"Little_White_Salmon_River_Plume_LT18",12
524480,2,112.1999969,"Little_White_Salmon_River_Plume_LT18",12
524479,2,112.1999969,"Little_White_Salmon_River_Plume_LT18",12
524478,2,112.1999969,"Little_White_Salmon_River_Plume_LT18",12
524477,2,112.1999969,"Little_White_Salmon_River_Plume_LT18",12
521912,2,112.1999969,"Little_White_Salmon_River_Plume_LT18",12
521911,2,112.1999969,"Little_White_Salmon_River_Plume_LT18",12
521910,2,112.1999969,"Little_White_Salmon_River_Plume_LT18",12
521909,2,112.1999969,"Little_White_Salmon_River_Plume_LT18",12
521908,2,112.1999969,"Little_White_Salmon_River_Plume_LT18",12
521907,2,112.1999969,"Little_White_Salmon_River_Plume_LT18",12
521906,2,112.1999969,"Little_White_Salmon_River_Plume_LT18",12
521905,2,112.1999969,"Little_White_Salmon_River_Plume_LT18",12
521904,2,112.1999969,"Little_White_Salmon_River_Plume_LT18",12
521903,2,112.1999969,"Little_White_Salmon_River_Plume_LT18",12
521902,2,112.1999969,"Little_White_Salmon_River_Plume_LT18",12
521901,2,112.1999969,"Little_White_Salmon_River_Plume_LT18",12
521900,2,112.1999969,"Little_White_Salmon_River_Plume_LT18",12
519335,2,112.1999969,"Little_White_Salmon_River_Plume_LT18",12
519334,2,112.1999969,"Little_White_Salmon_River_Plume_LT18",12
519333,2,112.1999969,"Little_White_Salmon_River_Plume_LT18",12
519332,2,112.1999969,"Little_White_Salmon_River_Plume_LT18",12
519331,2,112.1999969,"Little_White_Salmon_River_Plume_LT18",12
519330,2,112.1999969,"Little_White_Salmon_River_Plume_LT18",12
519329,2,112.1999969,"Little_White_Salmon_River_Plume_LT18",12
519328,2,112.1999969,"Little_White_Salmon_River_Plume_LT18",12
519327,2,112.1999969,"Little_White_Salmon_River_Plume_LT18",12
519326,2,112.1999969,"Little_White_Salmon_River_Plume_LT18",12
519325,2,112.1999969,"Little_White_Salmon_River_Plume_LT18",12
519324,2,112.1999969,"Little_White_Salmon_River_Plume_LT18",12
519323,2,112.1999969,"Little_White_Salmon_River_Plume_LT18",12
516757,2,112.1999969,"Little_White_Salmon_River_Plume_LT18",12
516756,2,112.1999969,"Little_White_Salmon_River_Plume_LT18",12
516755,2,112.1999969,"Little_White_Salmon_River_Plume_LT18",12
516754,2,112.1999969,"Little_White_Salmon_River_Plume_LT18",12
516753,2,112.1999969,"Little_White_Salmon_River_Plume_LT18",12
516752,2,112.1999969,"Little_White_Salmon_River_Plume_LT18",12
516751,2,112.1999969,"Little_White_Salmon_River_Plume_LT18",12
516750,2,112.1999969,"Little_White_Salmon_River_Plume_LT18",12
516749,2,112.1999969,"Little_White_Salmon_River_Plume_LT18",12
516748,2,112.1999969,"Little_White_Salmon_River_Plume_LT18",12
516747,2,112.1999969,"Little_White_Salmon_River_Plume_LT18",12
516746,2,112.1999969,"Little_White_Salmon_River_Plume_LT18",12
516745,2,112.1999969,"Little_White_Salmon_River_Plume_LT18",12
516744,2,112.1999969,"Little_White_Salmon_River_Plume_LT18",12
516743,2,112.1999969,"Little_White_Salmon_River_Plume_LT18",12
514180,2,112.1999969,"Little_White_Salmon_River_Plume_LT18",12
514179,2,112.1999969,"Little_White_Salmon_River_Plume_LT18",12
514178,2,112.1999969,"Little_White_Salmon_River_Plume_LT18",12
514177,2,112.1999969,"Little_White_Salmon_River_Plume_LT18",12
514176,2,112.1999969,"Little_White_Salmon_River_Plume_LT18",12
514175,2,112.1999969,"Little_White_Salmon_River_Plume_LT18",12
514174,2,112.1999969,"Little_White_Salmon_River_Plume_LT18",12
514173,2,112.1999969,"Little_White_Salmon_River_Plume_LT18",12
514172,2,112.1999969,"Little_White_Salmon_River_Plume_LT18",12
514171,2,112.1999969,"Little_White_Salmon_River_Plume_LT18",12
514170,2,112.1999969,"Little_White_Salmon_River_Plume_LT18",12
514169,2,112.1999969,"Little_White_Salmon_River_Plume_LT18",12
514168,2,112.1999969,"Little_White_Salmon_River_Plume_LT18",12
514167,2,112.1999969,"Little_White_Salmon_River_Plume_LT18",12
514166,2,112.1999969,"Little_White_Salmon_River_Plume_LT18",12
514165,2,112.1999969,"Little_White_Salmon_River_Plume_LT18",12
514164,2,112.1999969,"Little_White_Salmon_River_Plume_LT18",12
511602,2,112.1999969,"Little_White_Salmon_River_Plume_LT18",12
511601,2,112.1999969,"Little_White_Salmon_River_Plume_LT18",12
511600,2,112.1999969,"Little_White_Salmon_River_Plume_LT18",12
511599,2,112.1999969,"Little_White_Salmon_River_Plume_LT18",12
511598,2,112.1999969,"Little_White_Salmon_River_Plume_LT18",12
511597,2,112.1999969,"Little_White_Salmon_River_Plume_LT18",12
511596,2,112.1999969,"Little_White_Salmon_River_Plume_LT18",12
511595,2,112.1999969,"Little_White_Salmon_River_Plume_LT18",12
511594,2,112.1999969,"Little_White_Salmon_River_Plume_LT18",12
511593,2,112.1999969,"Little_White_Salmon_River_Plume_LT18",12
511592,2,112.1999969,"Little_White_Salmon_River_Plume_LT18",12
511591,2,112.1999969,"Little_White_Salmon_River_Plume_LT18",12
511590,2,112.1999969,"Little_White_Salmon_River_Plume_LT18",12
511589,2,112.1999969,"Little_White_Salmon_River_Plume_LT18",12
511588,2,112.1999969,"Little_White_Salmon_River_Plume_LT18",12
511587,2,112.1999969,"Little_White_Salmon_River_Plume_LT18",12
511586,2,112.1999969,"Little_White_Salmon_River_Plume_LT18",12
511585,2,112.1999969,"Little_White_Salmon_River_Plume_LT18",12
509024,2,112.1999969,"Little_White_Salmon_River_Plume_LT18",12
509023,2,112.1999969,"Little_White_Salmon_River_Plume_LT18",12
509022,2,112.1999969,"Little_White_Salmon_River_Plume_LT18",12
509021,2,112.1999969,"Little_White_Salmon_River_Plume_LT18",12
509020,2,112.1999969,"Little_White_Salmon_River_Plume_LT18",12
509019,2,112.1999969,"Little_White_Salmon_River_Plume_LT18",12
509018,2,112.1999969,"Little_White_Salmon_River_Plume_LT18",12
509017,2,112.1999969,"Little_White_Salmon_River_Plume_LT18",12
509016,2,112.1999969,"Little_White_Salmon_River_Plume_LT18",12
509015,2,112.1999969,"Little_White_Salmon_River_Plume_LT18",12
509014,2,112.1999969,"Little_White_Salmon_River_Plume_LT18",12
509013,2,112.1999969,"Little_White_Salmon_River_Plume_LT18",12
509012,2,112.1999969,"Little_White_Salmon_River_Plume_LT18",12
509011,2,112.1999969,"Little_White_Salmon_River_Plume_LT18",12
509010,2,112.1999969,"Little_White_Salmon_River_Plume_LT18",12
509009,2,112.1999969,"Little_White_Salmon_River_Plume_LT18",12
509008,2,112.1999969,"Little_White_Salmon_River_Plume_LT18",12
509007,2,112.1999969,"Little_White_Salmon_River_Plume_LT18",12
509006,2,112.1999969,"Little_White_Salmon_River_Plume_LT18",12
506446,2,112.1999969,"Little_White_Salmon_River_Plume_LT18",12
506445,2,112.1999969,"Little_White_Salmon_River_Plume_LT18",12
506444,2,112.1999969,"Little_White_Salmon_River_Plume_LT18",12
506443,2,112.1999969,"Little_White_Salmon_River_Plume_LT18",12
506442,2,112.1999969,"Little_White_Salmon_River_Plume_LT18",12
506441,2,112.1999969,"Little_White_Salmon_River_Plume_LT18",12
506440,2,112.1999969,"Little_White_Salmon_River_Plume_LT18",12
506439,2,112.1999969,"Little_White_Salmon_River_Plume_LT18",12
506438,2,112.1999969,"Little_White_Salmon_River_Plume_LT18",12
506437,2,112.1999969,"Little_White_Salmon_River_Plume_LT18",12
506436,2,112.1999969,"Little_White_Salmon_River_Plume_LT18",12
506435,2,112.1999969,"Little_White_Salmon_River_Plume_LT18",12
506434,2,112.1999969,"Little_White_Salmon_River_Plume_LT18",12
506433,2,112.1999969,"Little_White_Salmon_River_Plume_LT18",12
506432,2,112.1999969,"Little_White_Salmon_River_Plume_LT18",12
506431,2,112.1999969,"Little_White_Salmon_River_Plume_LT18",12
506430,2,112.1999969,"Little_White_Salmon_River_Plume_LT18",12
506429,2,112.1999969,"Little_White_Salmon_River_Plume_LT18",12
506428,2,112.1999969,"Little_White_Salmon_River_Plume_LT18",12
503868,2,112.1999969,"Little_White_Salmon_River_Plume_LT18",12
503867,2,112.1999969,"Little_White_Salmon_River_Plume_LT18",12
503866,2,112.1999969,"Little_White_Salmon_River_Plume_LT18",12
503865,2,112.1999969,"Little_White_Salmon_River_Plume_LT18",12
503864,2,112.1999969,"Little_White_Salmon_River_Plume_LT18",12
503863,2,112.1999969,"Little_White_Salmon_River_Plume_LT18",12
503862,2,112.1999969,"Little_White_Salmon_River_Plume_LT18",12
503861,2,112.1999969,"Little_White_Salmon_River_Plume_LT18",12
503860,2,112.1999969,"Little_White_Salmon_River_Plume_LT18",12
503859,2,112.1999969,"Little_White_Salmon_River_Plume_LT18",12
503858,2,112.1999969,"Little_White_Salmon_River_Plume_LT18",12
503857,2,112.1999969,"Little_White_Salmon_River_Plume_LT18",12
503856,2,112.1999969,"Little_White_Salmon_River_Plume_LT18",12
503855,2,112.1999969,"Little_White_Salmon_River_Plume_LT18",12
503854,2,112.1999969,"Little_White_Salmon_River_Plume_LT18",12
503853,2,112.1999969,"Little_White_Salmon_River_Plume_LT18",12
503852,2,112.1999969,"Little_White_Salmon_River_Plume_LT18",12
503851,2,112.1999969,"Little_White_Salmon_River_Plume_LT18",12
503850,2,112.1999969,"Little_White_Salmon_River_Plume_LT18",12
503849,2,112.1999969,"Little_White_Salmon_River_Plume_LT18",12
501290,2,112.1999969,"Little_White_Salmon_River_Plume_LT18",12
501289,2,112.1999969,"Little_White_Salmon_River_Plume_LT18",12
501288,2,112.1999969,"Little_White_Salmon_River_Plume_LT18",12
501287,2,112.1999969,"Little_White_Salmon_River_Plume_LT18",12
501286,2,112.1999969,"Little_White_Salmon_River_Plume_LT18",12
501285,2,112.1999969,"Little_White_Salmon_River_Plume_LT18",12
501284,2,112.1999969,"Little_White_Salmon_River_Plume_LT18",12
501283,2,112.1999969,"Little_White_Salmon_River_Plume_LT18",12
501282,2,112.1999969,"Little_White_Salmon_River_Plume_LT18",12
501281,2,112.1999969,"Little_White_Salmon_River_Plume_LT18",12
501277,2,112.1999969,"Little_White_Salmon_River_Plume_LT18",12
501276,2,112.1999969,"Little_White_Salmon_River_Plume_LT18",12
501275,2,112.1999969,"Little_White_Salmon_River_Plume_LT18",12
501274,2,112.1999969,"Little_White_Salmon_River_Plume_LT18",12
501273,2,112.1999969,"Little_White_Salmon_River_Plume_LT18",12
501272,2,112.1999969,"Little_White_Salmon_River_Plume_LT18",12
501271,2,112.1999969,"Little_White_Salmon_River_Plume_LT18",12
498710,2,112.1999969,"Little_White_Salmon_River_Plume_LT18",12
498709,2,112.1999969,"Little_White_Salmon_River_Plume_LT18",12
498706,2,112.1999969,"Little_White_Salmon_River_Plume_LT18",12
498705,2,112.1999969,"Little_White_Salmon_River_Plume_LT18",12
498704,2,112.1999969,"Little_White_Salmon_River_Plume_LT18",12
498698,2,112.1999969,"Little_White_Salmon_River_Plume_LT18",12
498697,2,112.1999969,"Little_White_Salmon_River_Plume_LT18",12
498696,2,112.1999969,"Little_White_Salmon_River_Plume_LT18",12
498695,2,112.1999969,"Little_White_Salmon_River_Plume_LT18",12
498694,2,112.1999969,"Little_White_Salmon_River_Plume_LT18",12
498693,2,112.1999969,"Little_White_Salmon_River_Plume_LT18",12
498692,2,112.1999969,"Little_White_Salmon_River_Plume_LT18",12
496120,2,112.1999969,"Little_White_Salmon_River_Plume_LT18",12
496119,2,112.1999969,"Little_White_Salmon_River_Plume_LT18",12
496118,2,112.1999969,"Little_White_Salmon_River_Plume_LT18",12
496117,2,112.1999969,"Little_White_Salmon_River_Plume_LT18",12
496116,2,112.1999969,"Little_White_Salmon_River_Plume_LT18",12
496115,2,112.1999969,"Little_White_Salmon_River_Plume_LT18",12
496114,2,112.1999969,"Little_White_Salmon_River_Plume_LT18",12
496113,2,112.1999969,"Little_White_Salmon_River_Plume_LT18",12
493541,2,112.1999969,"Little_White_Salmon_River_Plume_LT18",12
493540,2,112.1999969,"Little_White_Salmon_River_Plume_LT18",12
493539,2,112.1999969,"Little_White_Salmon_River_Plume_LT18",12
493538,2,112.1999969,"Little_White_Salmon_River_Plume_LT18",12
493537,2,112.1999969,"Little_White_Salmon_River_Plume_LT18",12
493536,2,112.1999969,"Little_White_Salmon_River_Plume_LT18",12
493535,2,112.1999969,"Little_White_Salmon_River_Plume_LT18",12
490963,2,112.1999969,"Little_White_Salmon_River_Plume_LT18",12
490962,2,112.1999969,"Little_White_Salmon_River_Plume_LT18",12
490961,2,112.1999969,"Little_White_Salmon_River_Plume_LT18",12
490960,2,112.1999969,"Little_White_Salmon_River_Plume_LT18",12
490959,2,112.1999969,"Little_White_Salmon_River_Plume_LT18",12
490958,2,112.1999969,"Little_White_Salmon_River_Plume_LT18",12
490957,2,112.1999969,"Little_White_Salmon_River_Plume_LT18",12
488385,2,112.1999969,"Little_White_Salmon_River_Plume_LT18",12
488384,2,112.1999969,"Little_White_Salmon_River_Plume_LT18",12
488383,2,112.1999969,"Little_White_Salmon_River_Plume_LT18",12
488382,2,112.1999969,"Little_White_Salmon_River_Plume_LT18",12
488381,2,112.1999969,"Little_White_Salmon_River_Plume_LT18",12
488380,2,112.1999969,"Little_White_Salmon_River_Plume_LT18",12
488379,2,112.1999969,"Little_White_Salmon_River_Plume_LT18",12
488378,2,112.1999969,"Little_White_Salmon_River_Plume_LT18",12
485806,2,112.1999969,"Little_White_Salmon_River_Plume_LT18",12
485805,2,112.1999969,"Little_White_Salmon_River_Plume_LT18",12
485804,2,112.1999969,"Little_White_Salmon_River_Plume_LT18",12
485803,2,112.1999969,"Little_White_Salmon_River_Plume_LT18",12
485802,2,112.1999969,"Little_White_Salmon_River_Plume_LT18",12
485801,2,112.1999969,"Little_White_Salmon_River_Plume_LT18",12
485800,2,112.1999969,"Little_White_Salmon_River_Plume_LT18",12
483228,2,112.1999969,"Little_White_Salmon_River_Plume_LT18",12
483227,2,112.1999969,"Little_White_Salmon_River_Plume_LT18",12
483226,2,112.1999969,"Little_White_Salmon_River_Plume_LT18",12
483225,2,112.1999969,"Little_White_Salmon_River_Plume_LT18",12
483224,2,112.1999969,"Little_White_Salmon_River_Plume_LT18",12
483223,2,112.1999969,"Little_White_Salmon_River_Plume_LT18",12
483222,2,112.1999969,"Little_White_Salmon_River_Plume_LT18",12
483221,2,112.1999969,"Little_White_Salmon_River_Plume_LT18",12
480649,2,112.1999969,"Little_White_Salmon_River_Plume_LT18",12
480648,2,112.1999969,"Little_White_Salmon_River_Plume_LT18",12
480647,2,112.1999969,"Little_White_Salmon_River_Plume_LT18",12
480646,2,112.1999969,"Little_White_Salmon_River_Plume_LT18",12
480645,2,112.1999969,"Little_White_Salmon_River_Plume_LT18",12
480644,2,112.1999969,"Little_White_Salmon_River_Plume_LT18",12
480643,2,112.1999969,"Little_White_Salmon_River_Plume_LT18",12
480642,2,112.1999969,"Little_White_Salmon_River_Plume_LT18",12
478070,2,112.1999969,"Little_White_Salmon_River_Plume_LT18",12
478069,2,112.1999969,"Little_White_Salmon_River_Plume_LT18",12
478068,2,112.1999969,"Little_White_Salmon_River_Plume_LT18",12
478067,2,112.1999969,"Little_White_Salmon_River_Plume_LT18",12
478066,2,112.1999969,"Little_White_Salmon_River_Plume_LT18",12
478065,2,112.1999969,"Little_White_Salmon_River_Plume_LT18",12
478064,2,112.1999969,"Little_White_Salmon_River_Plume_LT18",12
478063,2,112.1999969,"Little_White_Salmon_River_Plume_LT18",12
475490,2,112.1999969,"Little_White_Salmon_River_Plume_LT18",12
475489,2,112.1999969,"Little_White_Salmon_River_Plume_LT18",12
475488,2,112.1999969,"Little_White_Salmon_River_Plume_LT18",12
475487,2,112.1999969,"Little_White_Salmon_River_Plume_LT18",12
475486,2,112.1999969,"Little_White_Salmon_River_Plume_LT18",12
475485,2,112.1999969,"Little_White_Salmon_River_Plume_LT18",12
475484,2,112.1999969,"Little_White_Salmon_River_Plume_LT18",12
475483,2,112.1999969,"Little_White_Salmon_River_Plume_LT18",12
472911,2,112.1999969,"Little_White_Salmon_River_Plume_LT18",12
472910,2,112.1999969,"Little_White_Salmon_River_Plume_LT18",12
472909,2,112.1999969,"Little_White_Salmon_River_Plume_LT18",12
472908,2,112.1999969,"Little_White_Salmon_River_Plume_LT18",12
472907,2,112.1999969,"Little_White_Salmon_River_Plume_LT18",12
472906,2,112.1999969,"Little_White_Salmon_River_Plume_LT18",12
472905,2,112.1999969,"Little_White_Salmon_River_Plume_LT18",12
472904,2,112.1999969,"Little_White_Salmon_River_Plume_LT18",12
470331,2,112.1999969,"Little_White_Salmon_River_Plume_LT18",12
470330,2,112.1999969,"Little_White_Salmon_River_Plume_LT18",12
470329,2,112.1999969,"Little_White_Salmon_River_Plume_LT18",12
470328,2,112.1999969,"Little_White_Salmon_River_Plume_LT18",12
470327,2,112.1999969,"Little_White_Salmon_River_Plume_LT18",12
470326,2,112.1999969,"Little_White_Salmon_River_Plume_LT18",12
470325,2,112.1999969,"Little_White_Salmon_River_Plume_LT18",12
467752,2,112.1999969,"Little_White_Salmon_River_Plume_LT18",12
467751,2,112.1999969,"Little_White_Salmon_River_Plume_LT18",12
467750,2,112.1999969,"Little_White_Salmon_River_Plume_LT18",12
467749,2,112.1999969,"Little_White_Salmon_River_Plume_LT18",12
467748,2,112.1999969,"Little_White_Salmon_River_Plume_LT18",12
467747,2,112.1999969,"Little_White_Salmon_River_Plume_LT18",12
467746,2,112.1999969,"Little_White_Salmon_River_Plume_LT18",12
465173,2,112.1999969,"Little_White_Salmon_River_Plume_LT18",12
465172,2,112.1999969,"Little_White_Salmon_River_Plume_LT18",12
465171,2,112.1999969,"Little_White_Salmon_River_Plume_LT18",12
465170,2,112.1999969,"Little_White_Salmon_River_Plume_LT18",12
465169,2,112.1999969,"Little_White_Salmon_River_Plume_LT18",12
465168,2,112.1999969,"Little_White_Salmon_River_Plume_LT18",12
465167,2,112.1999969,"Little_White_Salmon_River_Plume_LT18",12
462594,2,112.1999969,"Little_White_Salmon_River_Plume_LT18",12
462593,2,112.1999969,"Little_White_Salmon_River_Plume_LT18",12
462592,2,112.1999969,"Little_White_Salmon_River_Plume_LT18",12
462591,2,112.1999969,"Little_White_Salmon_River_Plume_LT18",12
462590,2,112.1999969,"Little_White_Salmon_River_Plume_LT18",12
462589,2,112.1999969,"Little_White_Salmon_River_Plume_LT18",12
462588,2,112.1999969,"Little_White_Salmon_River_Plume_LT18",12
460015,2,112.1999969,"Little_White_Salmon_River_Plume_LT18",12
460014,2,112.1999969,"Little_White_Salmon_River_Plume_LT18",12
460013,2,112.1999969,"Little_White_Salmon_River_Plume_LT18",12
460012,2,112.1999969,"Little_White_Salmon_River_Plume_LT18",12
460011,2,112.1999969,"Little_White_Salmon_River_Plume_LT18",12
460010,2,112.1999969,"Little_White_Salmon_River_Plume_LT18",12
460009,2,112.1999969,"Little_White_Salmon_River_Plume_LT18",12
457436,2,112.1999969,"Little_White_Salmon_River_Plume_LT18",12
457435,2,112.1999969,"Little_White_Salmon_River_Plume_LT18",12
457434,2,112.1999969,"Little_White_Salmon_River_Plume_LT18",12
457433,2,112.1999969,"Little_White_Salmon_River_Plume_LT18",12
457432,2,112.1999969,"Little_White_Salmon_River_Plume_LT18",12
457431,2,112.1999969,"Little_White_Salmon_River_Plume_LT18",12
457430,2,112.1999969,"Little_White_Salmon_River_Plume_LT18",12
454857,2,112.1999969,"Little_White_Salmon_River_Plume_LT18",12
454856,2,112.1999969,"Little_White_Salmon_River_Plume_LT18",12
454855,2,112.1999969,"Little_White_Salmon_River_Plume_LT18",12
454854,2,112.1999969,"Little_White_Salmon_River_Plume_LT18",12
454853,2,112.1999969,"Little_White_Salmon_River_Plume_LT18",12
454852,2,112.1999969,"Little_White_Salmon_River_Plume_LT18",12
454851,2,112.1999969,"Little_White_Salmon_River_Plume_LT18",12
452279,2,112.1999969,"Little_White_Salmon_River_Plume_LT18",12
452278,2,112.1999969,"Little_White_Salmon_River_Plume_LT18",12
452277,2,112.1999969,"Little_White_Salmon_River_Plume_LT18",12
452276,2,112.1999969,"Little_White_Salmon_River_Plume_LT18",12
452275,2,112.1999969,"Little_White_Salmon_River_Plume_LT18",12
452274,2,112.1999969,"Little_White_Salmon_River_Plume_LT18",12
452273,2,112.1999969,"Little_White_Salmon_River_Plume_LT18",12
449702,2,112.1999969,"Little_White_Salmon_River_Plume_LT18",12
449701,2,112.1999969,"Little_White_Salmon_River_Plume_LT18",12
449700,2,112.1999969,"Little_White_Salmon_River_Plume_LT18",12
449699,2,112.1999969,"Little_White_Salmon_River_Plume_LT18",12
449698,2,112.1999969,"Little_White_Salmon_River_Plume_LT18",12
449697,2,112.1999969,"Little_White_Salmon_River_Plume_LT18",12
449696,2,112.1999969,"Little_White_Salmon_River_Plume_LT18",12
449695,2,112.1999969,"Little_White_Salmon_River_Plume_LT18",12
447124,2,112.1999969,"Little_White_Salmon_River_Plume_LT18",12
447123,2,112.1999969,"Little_White_Salmon_River_Plume_LT18",12
447122,2,112.1999969,"Little_White_Salmon_River_Plume_LT18",12
447121,2,112.1999969,"Little_White_Salmon_River_Plume_LT18",12
447120,2,112.1999969,"Little_White_Salmon_River_Plume_LT18",12
447119,2,112.1999969,"Little_White_Salmon_River_Plume_LT18",12
447118,2,112.1999969,"Little_White_Salmon_River_Plume_LT18",12
447117,2,112.1999969,"Little_White_Salmon_River_Plume_LT18",12
444545,2,112.1999969,"Little_White_Salmon_River_Plume_LT18",12
444544,2,112.1999969,"Little_White_Salmon_River_Plume_LT18",12
444543,2,112.1999969,"Little_White_Salmon_River_Plume_LT18",12
444542,2,112.1999969,"Little_White_Salmon_River_Plume_LT18",12
444541,2,112.1999969,"Little_White_Salmon_River_Plume_LT18",12
444540,2,112.1999969,"Little_White_Salmon_River_Plume_LT18",12
638330,2,115.1999969,"White_Salmon_River_Plume_LT18",13
638329,2,115.1999969,"White_Salmon_River_Plume_LT18",13
635752,2,115.1999969,"White_Salmon_River_Plume_LT18",13
635751,2,115.1999969,"White_Salmon_River_Plume_LT18",13
635750,2,115.1999969,"White_Salmon_River_Plume_LT18",13
633172,2,115.1999969,"White_Salmon_River_Plume_LT18",13
633171,2,115.1999969,"White_Salmon_River_Plume_LT18",13
630593,2,115.1999969,"White_Salmon_River_Plume_LT18",13
630592,2,115.1999969,"White_Salmon_River_Plume_LT18",13
1657516,2,125.1999969,"Klickitat_River_Plume_LT18",14
1654937,2,125.1999969,"Klickitat_River_Plume_LT18",14
1652358,2,125.1999969,"Klickitat_River_Plume_LT18",14
1649779,2,125.1999969,"Klickitat_River_Plume_LT18",14
1647200,2,125.1999969,"Klickitat_River_Plume_LT18",14
